listing,catID,product
Animal Shelter - Horse Shelter (PC) - Steam Key - GLOBAL,19181469,Animal Shelter - Horse Shelter DLC RU
Animal Shelter (PC) - Steam Key - GLOBAL,19181462,Animal Shelter
Animal Shelter 2 (PC) - Steam Key - GLOBAL,19192386,Animal Shelter 2 RUB
ARC Raiders (PC) - Steam Key - GLOBAL,19192617,ARC Raiders RUB
ARC Raiders | Deluxe Edition (PC) - Steam Key - GLOBAL,19192776,ARC Raiders - Deluxe Edition RUB
Beholder - Blissful Sleep Steam Key GLOBAL,19178980,Beholder - Blissful Sleep RU
Beholder (PC) - Steam Key - GLOBAL,19178979,Beholder RU
Beholder 2 (PC) - Steam Key - GLOBAL,19178981,Beholder 2 RU
Beholder 3 (PC) - Steam Key - GLOBAL,19178982,Beholder 3 RUB
Bendy and the Ink Machine (PC) - Steam Key - GLOBAL,19187774,Bendy and the Ink Machine RUB
Car Detailing Simulator (PC) - Steam Key - GLOBAL,19181468,Car Detailing Simulator RUB
Crimson Desert | Deluxe Edition (PC) - Steam Key - EUROPE,19192809,Crimson Desert - Deluxe Edition
Darkest Dungeon: The Color Of Madness (PC) - Steam Key - GLOBAL,19177854,Darkest Dungeon: The Color of Madness RU
Darkest Dungeon: The Crimson Court Steam Key GLOBAL,19177847,Darkest Dungeon: The Crimson Court RU
Darkest Dungeon: The Shieldbreaker (PC) - Steam Key - GLOBAL,19177849,Darkest Dungeon: The Shieldbreaker RUB
DAVE THE DIVER (PC) - Steam Key - EUROPE,19186468,Dave The Diver NZD
Deus Ex: Human Revolution - Director's Cut (PC) - Steam Key - GLOBAL,19174627,Deus Ex: Human Revolution - Director's Cut KR
Deus Ex: Mankind Divided - Season Pass (PC) - Steam Key - GLOBAL,19174584,Deus Ex: Mankind Divided - Season Pass KRW
Directive 8020 (PC) - Steam Key - EUROPE,19647657,Directive 8020 UAH
Do Not Feed the Monkeys (PC) - Steam Key - GLOBAL,19178985,Do Not Feed the Monkeys
EARTH DEFENSE FORCE 5 - Steam - Key GLOBAL,19186984,EARTH DEFENSE FORCE 5 UAH
Earth Defense Force 6 (PC) - Steam Key - GLOBAL,19187630,EARTH DEFENSE FORCE 6 UAH
Exotica 2: Pet Shop Simulator (PC) - Steam Key - GLOBAL,19624143,Exotica 2: Pet Shop Simulator RUB
Fly Corp (PC) - Steam Key - GLOBAL,19148591,Fly Corp
Goblin Cleanup (PC) - Steam Key - EUROPE,19191665,Goblin Cleanup EUR
Gothic 2: Gold Edition Steam Key GLOBAL,11250607,Gothic II: Gold Edition
Gothic 3 (PC) - Steam Key - GLOBAL,11250606,Gothic III
Gothic 3: Forsaken Gods - Enhanced Edition (PC) - Steam Key - GLOBAL,11165360,Gothic III: Forsaken Gods Enhanced Edition
Gothic Universe Edition (PC) - Steam Key - GLOBAL,11250605,Gothic Universe Edition
GUILTY GEAR Xrd -SIGN Steam Key GLOBAL,19168671,GUILTY GEAR Xrd -SIGN- CNY
Hatred (PC) - Steam Key - GLOBAL,19152488,Hatred
Hell is Us (PC) - Steam Key - ROW,19187028,Hell is Us NZD
Human: Fall Flat (PC) - Steam Key - EUROPE,19169449,Human: Fall Flat EU
IL-2 Sturmovik: Battle of Stalingrad Steam Key GLOBAL,19615142,IL-2 Sturmovik: Battle of Stalingrad CNY
Karate Survivor (PC) - Steam Key - GLOBAL,19185698,Karate Survivor RUB
Killing Floor 3 (PC) - Steam Key - EUROPE,19188470,Killing Floor 3 EUR
Kingdom Come: Deliverance II (PC) - Steam Key - EUROPE,19182814,Kingdom Come: Deliverance II / Tier 1
Kingdom Come: Deliverance II | Royal Edition (PC) - Steam Key - EUROPE,19192847,Kingdom Come: Deliverance II | Royal Edition (PC) ...
Kingdom Come: Deliverance II | Royal Edition (PC) - Steam Key - ROW,19192847,Kingdom Come: Deliverance II | Royal Edition (PC) ...
Metro 2033 Redux Steam Key EUROPE,19185811,Metro 2033 Redux
Necroking (PC) - Steam Key - GLOBAL,19185067,Necroking RU
Nordhold (PC) - Steam Key - GLOBAL,19187793,Nordhold RUB
Norse: Oath of Blood (PC) - Steam Key - EUROPE,19627546,NORSE: Oath of Blood KRW 
Operation: Tango (PC) - Steam Key - EUROPE,19191735,Operation: Tango EUR
Outpost: Infinity Siege (PC) - Steam Key - GLOBAL,19184275,Outpost: Infinity Siege CIS
Overcooked Steam Key GLOBAL,19150137,Overcooked! EU
Overcooked! All You Can Eat (PC) - Steam Key - GLOBAL,19150146,Overcooked! All You Can Eat
Quasimorph (PC) - Steam Key - GLOBAL,19175411,Quasimorph RU
Rise of the Tomb Raider 20 Years Celebration (PC) - Steam Key - GLOBAL,19168937,Rise of the Tomb Raider: 20 Year Celebration KR
Shape of Dreams (PC) - Steam Key - GLOBAL,19191611,Shape of Dreams UAH
Tavern Manager Simulator (PC) - Steam Key - GLOBAL,19188770,Tavern Manager Simulator RUB
Tomb Raider GOTY Edition (PC) - Steam Key - EUROPE,19168939,Tomb Raider GOTY EUR
Tomb Raider I-III Remastered Starring Lara Croft (PC) - Steam Key - GLOBAL,19174642,Tomb Raider I-III Remastered Starring Lara Croft KR
Tormented Souls II (PC) - Steam Key - GLOBAL,19192468,Tormented Souls 2 CNY
Wall World (PC) - Steam Key - GLOBAL,19178991,Wall World
Wall World 2 (PC) - Steam Key - GLOBAL,19192751,Wall World 2 RUB
Wall World: Deep Threat (PC) - Steam Key - GLOBAL,19178992,Wall World: Deep Threat
Workers & Resources: Soviet Republic - Biomes (PC) - Steam Key - EUROPE,19183335,Workers & Resources: Soviet Republic - Biomes NZD
World War Z (PC) - Steam Key - GLOBAL,19168910,World War Z KR
Animal Shelter,19181462,Animal Shelter
Animal Shelter 2,19192386,Animal Shelter 2 RUB
ARC Raiders | Deluxe Edition,19192776,ARC Raiders - Deluxe Edition RUB
Beholder,19178979,Beholder RU
Beholder 2,19178981,Beholder 2 RU
Beholder 3,19178982,Beholder 3 RUB
BEYOND: Two Souls (PC) - Steam Key - EUROPE,19651054,Beyond: Two Souls NZD
Cafe Owner Simulator,19181616,Cafe Owner Simulator RUB
Car Detailing Simulator,19181468,Car Detailing Simulator RUB
Darkest Dungeon: The Color Of Madness,19177854,Darkest Dungeon: The Color of Madness RU
Darksiders Warmastered Edition,11165442,Darksiders Warmastered Edition
Detroit: Become Human (PC) - Steam Key - EUROPE,19651047,Detroit: Become Human NZD
Deus Ex: Human Revolution - Director's Cut,19174627,Deus Ex: Human Revolution - Director's Cut KR
Deus Ex: Mankind Divided - Season Pass,19174584,Deus Ex: Mankind Divided - Season Pass KRW
Die in the Dungeon,19187144,Die in the Dungeon RUB
Distrust: Polar Survival,19178984,Distrust: Polar Survival RU
Do Not Feed the Monkeys,19178985,Do Not Feed the Monkeys
Exotica 2: Pet Shop Simulator,19624143,Exotica 2: Pet Shop Simulator RUB
Fly Corp,19148591,Fly Corp
Gothic 3,11250606,Gothic III
Gothic 3: Forsaken Gods - Enhanced Edition,11165360,Gothic III: Forsaken Gods Enhanced Edition
Gothic Universe Edition,11250605,Gothic Universe Edition
Hatred,19152488,Hatred
Hell Let Loose,19150134,Hell Let Loose
Kingdom Come: Deliverance (PC) - Steam Key - EUROPE,19182806,Kingdom Come: Deliverance
MISERY,19623900,MISERY EUR
Outpost: Infinity Siege,19184275,Outpost: Infinity Siege CIS
Overcooked! All You Can Eat,19150146,Overcooked! All You Can Eat
Pax Dei,19622568,Pax Dei CNY
Punch Club Steam Key GLOBAL,19146777,Punch Club RUB
REMATCH (PC) - Steam Key - EUROPE,19189054,REMATCH KRW
rFactor 2 (PC) - Steam Key - EUROPE,19192591,rFactor 2 CNY
Rise of the Tomb Raider 20 Years Celebration,19168937,Rise of the Tomb Raider: 20 Year Celebration KR
Shadow of the Tomb Raider (Definitive Edition) - Steam - Key GLOBAL,19168936,Shadow of the Tomb Raider: Definitive Edition
Shape of Dreams,19191611,Shape of Dreams UAH
Ship Graveyard Simulator,19181472,Ship Graveyard Simulator RUB
Sid Meier's Civilization VI,19184032,Sid Meier’s Civilization® VI KRW
Squad,19179758,Squad EUR
Stranded Deep (PC) - Steam Key - EUROPE,19624358,Stranded Deep EUR
Tavern Manager Simulator,19188770,Tavern Manager Simulator RUB
Taxi Life: A City Driving Simulator (PC) - Steam Key - EUROPE,19181160,Taxi Life: A City Driving Simulator
Tomb Raider I-III Remastered Starring Lara Croft,19174642,Tomb Raider I-III Remastered Starring Lara Croft KR
Tomb Raider: Definitive Survivor Trilogy,19180664,Tomb Raider Definitive Survivor Trilogy KRW
Urbek City Builder,19181622,Urbek City Builder RUB
Wall World,19178991,Wall World
Wall World 2,19192751,Wall World 2 RUB
World War Z,19168910,World War Z KR
