PRODUCTID,listing,catID,product
69f34fd4faa68a1cfc282545,007 First Light EU,19622556,007 First Light 
5c9b65e32539a4e8f17899e1,12 is Better Than 6,19168531,12 is Better Than 6 
68d3aa2e121413507a450b19,ARC Raiders,19192617,ARC Raiders RUB
5c9b5f302539a4e8f1726532,Alan Wake Collector's Edition,16656326,Alan Wake Collector’s Edition
5c9b651e2539a4e8f1775c62,Amnesia: Memories,19038937,Amnesia™: Memories
63d151c3bb540500018242ae,Animal Shelter - Horse Shelter DLC,19181469,Animal Shelter - Horse Shelter DLC RU
62d998aa3b68a30001ca6143,Animal Shelter - Puppies & Kittens DLC,19181464,Animal Shelter - Puppies & Kittens DLC RU
64ce521440466d26b40fa4fc,Animal Shelter - Vet Clinic DLC,19181466,Animal Shelter - Vet Clinic DLC RU
66780b8fe73ff21ac40c52dc,Animal Shelter 2,19192386,Animal Shelter 2 RUB
5ebe6e59d9f56e2d4ed01d6d,Apex Legends - 6700 Apex Coins XBOX One CD Key,19191883,APEX Legends: 6700 Coins (Xbox)
69cccfe20aa44d2eb617762e,Ariana and the Elder Codex,19654072,Ariana and the Elder Codex 
602dbc6c6b2e10ae8744d476,Assetto Corsa Competizione EU,19149799,Assetto Corsa Competizione EUR
5f9c160c3a54d2ca168f6d90,Assetto Corsa EU,19149791,Assetto Corsa EUR
6083ffe86b2e10ae8723c564,Assetto Corsa Ultimate Edition EU,19149797,Assetto Corsa - Ultimate Edition EU
626bb895a12e5a0001dde23f,Bakery Simulator,19183539,Bakery Simulator RUB
5c9b77ef2539a4e8f183e4a0,Battlefield V XBOX One CD Key,19631165,BATTLEFIELD V (Xbox)
5c9b7ad12539a4e8f185c9eb,Beholder,19178979,Beholder RU
5c9b7a152539a4e8f1853bbc,Beholder 2,19178981,Beholder 2 RU
62209293eef19000011f38f8,Beholder 3,19178982,Beholder 3 RUB
667e902a26ea3b4755bcd66f,Black Myth: Wukong Deluxe Edition,19184699,Black Myth: Wukong - Deluxe Edition USD
687655c0fced8b988b9b1575,Borderlands 4 Super Deluxe Edition EU,19631886,Borderlands 4 - Super Deluxe Edition 
6332170644645700012eaba7,Brotato,19672457,Brotato 
68e71301369f82000b7b4fcf,Bulletstorm Full Clip Edition Duke Nukem Bundle,19631719,BULLETSTORM: FULL CLIP EDITION DUKE NUKEM BUNDLE 
690d9e302f0f696a852a354f,CODE VEIN II Deluxe Edition EU,19191997,Code Vein II - Deluxe Edition 
690d9cc0c824d953bac7617c,CODE VEIN II EU,19191996,Code Vein II 
690d9f741086e836c4baf4c1,CODE VEIN II Ultimate Edition EU,19191998,Code Vein II - Ultimate Edition EUR
6384f47774cdef000161ede7,Cafe Owner Simulator,19181616,Cafe Owner Simulator RUB
5c9b5f7e2539a4e8f1729e7b,Call of Duty 2,19151216,Call of Duty® 2 
66f27f2b4ccbd97a345e2f42,Call of Duty: Black Ops 6 - 13000 COD Points DLC XBOX One / Xbox Series X|S CD Key,19633509,13000 Black Ops 6 or Call of Duty®: Warzone™ Points
66f271a44ccbd97a344edadb,Call of Duty: Black Ops 6 - 9500 COD Points DLC XBOX One / Xbox Series X|S CD Key,19633511,9500 Black Ops 6 or Call of Duty®: Warzone™ Points
5fb90cd5b49f3407a59fc951,Call of Duty: Black Ops Cold War Cross-Gen Bundle XBOX One / Xbox Series X|S CD Key,19633901,Call of Duty®: Black Ops Cold War - Cross-Gen Bundle
5f2cfcc6af5dec8ad4db0eee,"Call of Duty: Modern Warfare - 2,400 Points XBOX One CD Key",19633907,2400 Call of Duty®: Modern Warfare® Points
671f4b252bf0726f72c37579,Call of Duty: WWII Digital Deluxe Edition XBOX One / Xbox Series X|S CD Key,19633909,Call of Duty®: WWII - Digital Deluxe Edition
5f538173af5dec8ad4d73813,Captain Tsubasa: Rise of New Champions EU,19183274,Captain Tsubasa: Rise of New Champions EUR
624d51d03c5b880001e282a3,Car Detailing Simulator,19181468,Car Detailing Simulator RUB
610bee5d3908560001d206c4,Car Mechanic Simulator 2021,19181497,Car Mechanic Simulator 2021 EU
69774bb89a0f417d8b43da02,City Tales - Medieval Era - Fluffy Companions DLC,19627117,City Tales - Medieval Era - Fluffy Companions 
6a1557c2bbd43b0d3514d45a,Coffee Talk Tokyo,19680724,Coffee Talk Tokyo 
5dd8f770d1032188991eedad,Command: Modern Operations,19187615,Command: Modern Operations 
69aad58128480868c56d8716,Crimson Desert Deluxe Edition EU,19192809,Crimson Desert - Deluxe Edition
6954e4c27c4eba385cb66475,Crimson Desert EU,19192808,Crimson Desert
68c295d10377e529d10ed87f,Cronos: The New Dawn Deluxe Edition EU,19191450,Cronos: The New Dawn - Deluxe Edition 
689c311b8cd9139f95d50af3,Cronos: The New Dawn EU,19191449,Cronos: The New Dawn USD
6783c8600e54f72bbdb79139,DAVE THE DIVER Deluxe Edition EU,19186467,Dave The Diver - Deluxe Edition NOK
66dd738d4ccbd97a34dd6806,DRAGON BALL: Sparking! ZERO EU,19182966,Pioneer Standard Edition EUR
69937ff777e3a0125be51fdc,DarkSwitch,19651902,DarkSwitch 
5c9b724b2539a4e8f1813607,Darkest Dungeon - The Color Of Madness DLC,19177854,Darkest Dungeon: The Color of Madness RU
5c9b6b782539a4e8f17d0e1d,Darkest Dungeon - The Crimson Court DLC,19177847,Darkest Dungeon: The Crimson Court RU
5c9b6dae2539a4e8f17e6142,Darkest Dungeon - The Shieldbreaker DLC,19177849,Darkest Dungeon: The Shieldbreaker RUB
6560ba46b3d92b2dd4111fbf,Darkest Dungeon II - The Soundtrack DLC,19177852,Darkest Dungeon II: The Soundtrack RUB
5c9b77f72539a4e8f183e9e6,Darkest Dungeon Soundtrack DLC,19177856,Darkest Dungeon - Soundtrack 
5c9b69262539a4e8f17b735c,Darksiders Warmastered Edition,11165442,Darksiders Warmastered Edition
5c9b614f2539a4e8f174209b,Darkwood,19623021,Darkwood 
656474c5ae196da0ab8009f5,Dave the Diver EU,19186462,Dave The Diver EUR
67729bd00e54f72bbd14a873,DayZ - Frostline DLC EU,19192408,DayZ Frostline GBP
697b57ab2dfd817b1de38cd8,Dead Island 2 EU,19181280,Dead Island 2
6628f6ee51df30dbb4df8568,Dead Island 2 RoW,19181280,Dead Island 2
6996f6609db6d81fe5db95e0,Death Stranding 2: On the Beach EU,19628136,DEATH STRANDING 2: ON THE BEACH 
5ce132a22736e8638c3b0b7d,Death end reQuest,18052202,Death end re;Quest RU
66740310d517f137689b73fd,Deathless. The Hero Quest,19192873,Deathless. The Hero Quest CNY
5c9b600c2539a4e8f1730af8,Desperados: Wanted Dead or Alive,11487929,Desperados: Wanted Dead Or Alive RUB
5f9d48543a54d2ca1621cf91,Detroit: Become Human EU,19651047,Detroit: Become Human 
5c9b600d2539a4e8f1730bf6,Deus Ex: Human Revolution - Director's Cut,19174627,Deus Ex: Human Revolution - Director's Cut KR
5c9b67d02539a4e8f17a73e3,Deus Ex: Mankind Divided,19174580,Deus Ex: Mankind Divided KRW 
5c9b681a2539a4e8f17aac2b,Deus Ex: Mankind Divided - Season Pass DLC,19174584,Deus Ex: Mankind Divided - Season Pass KRW
67a229cfb4f874260920175a,Die in the Dungeon,19187144,Die in the Dungeon RUB
69ef451ffaa68a1cfc27fcf7,Directive 8020,19647657,Directive 8020 
5c9b5f272539a4e8f1725d3b,Disciples II: Gallean's Return,19636427,Disciples II: Gallean's Return 
5c9b5f912539a4e8f172ac67,Disciples II: Rise of the Elves,19636428,Disciples II: Rise of the Elves 
5c9b6c842539a4e8f17dae1c,Distrust,19178984,Distrust: Polar Survival RU
5c9b782d2539a4e8f184077b,Do Not Feed the Monkeys,19178985,Do Not Feed the Monkeys
6800d49afc4d86771c9ea382,Doloc Town,19188422,Doloc Town RUB
65e17c4dbc09b66b505c2ff0,Dragon Throne: Battle of Red Cliffs,19636431,Dragon Throne: Battle of Red Cliffs 
66bf153936c24953194e821f,Drawn to Life: Two Realms EU,19149789,Drawn to Life: Two Realms EUR
6620e2a1d101d2c07daee84d,Dying Light 2: Stay Human Reloaded Edition,19167883,Dying Light 2 Stay Human: Reloaded Edition EUR
687f21e8b4b0c807ec15dc2a,Dying Light: Definitive 10th Anniversary Edition EU,19185219,Dying Light: Definitive Edition PLN
5d2738c45fc105f80140c367,EARTH DEFENSE FORCE 5,19186984,EARTH DEFENSE FORCE 5 
66aca8b70425a0354518261f,EARTH DEFENSE FORCE 6,19187628,地球防卫军6 
69327ede76fe1300c8219102,ELDEN RING NIGHTREIGN - The Forsaken Hollows DLC EU,19622882,Elden Ring Nightreign: The Forsaken Hollows 
6214d4389e44a1f376859815,Elden Ring EU,19178565,ELDEN RING EU
694fa144fb92596aabd14c53,Escape from Ever After,19627032,Escape from Ever After 
69693bf104e3507260710a4e,Exotica 2: Pet Shop Simulator,19624143,Exotica 2: Pet Shop Simulator 
64e704df031c016a643ccb97,Fae Farm,19192003,Fae Farm RUB
69e1df207963b7a83508df09,Far Far West,19659490,Far Far West 
61bf4c9515aa7a0001d7a0de,Fly Corp,19148591,Fly Corp
631f3fefdc75b500017f6404,Food Truck Simulator,19192275,Food Truck Simulator 
603605e06b2e10ae87f03de1,For The King EU,19169447,For The King
66a4be2c0425a03545326b7e,Forza Horizon 5 - VIP Membership DLC Xbox Series X|S / PC CD Key,19631183,Forza Horizon 5: VIP Membership (Xbox)
69e624eb06c3446b8a375e6d,Forza Horizon 6 Premium Edition Xbox Series X|S / PC CD Key,19650600,Forza Horizon 6: Premium Edition 
69e627ec393ca53797657319,Forza Horizon 6 Xbox Series X|S / PC CD Key,19650601,Forza Horizon 6: Standard Edition 
5c9b67132539a4e8f179e8a9,GUILTY GEAR 2 -OVERTURE-,19168669,GUILTY GEAR 2 -OVERTURE- CNY
664b1462f81a1d0af4d76d7e,GUNDAM BREAKER 4 EU,19184778,GUNDAM BREAKER 4 EUR
692879afe76fd73ab368d25d,Geo-Political Simulator 2026 Edition,19622563,Geo-Political Simulator 2026 Edition 
5c9b67dc2539a4e8f17a7d34,Ghost of a Tale,16811742,Ghost of a Tale RUB
664e0669de75607e091ccdff,Gold Mining Simulator,19182633,Gold Mining Simulator EUR
5c9b5f722539a4e8f1729664,Gothic 3,11250606,Gothic III
5c9b5f7d2539a4e8f1729dcb,Gothic 3: Forsaken Gods Enhanced Edition,11165360,Gothic III: Forsaken Gods Enhanced Edition
5c9b60062539a4e8f1730507,Gothic II: Gold Edition,11250607,Gothic II: Gold Edition
5c9b60352539a4e8f1732eab,Gothic Universe Edition,11250605,Gothic Universe Edition
6802629459267740bba1d85a,Grand Theft Auto V Enhanced & Great White Shark Card EU PC Rockstar Games Digital Download CD Key,19631986,Grand Theft Auto V Enhanced & Great White Shark Card Bundle 
6821a7e1b1c3c2416661f17f,Grand Theft Auto V Enhanced EU PC Rockstar Digital Download CD Key,19631648,Grand Theft Auto V Enhanced CNY
66a3a0080636ba6cd8671359,Guilty Gear -Strive- - Season Pass 4 DLC,19187595,罪恶装备 -奋战- DLC季票4 
5c9b60202539a4e8f1731cba,Guilty Gear Isuka,19168673,Guilty Gear Isuka CNY
5c9b64382539a4e8f17684da,Guilty Gear XX Accent Core Plus R,19168670,GUILTY GEAR XX ACCENT CORE PLUS R CNY
690071748017494625620829,HENPRI,19192441,HENPRI 
5c9b643b2539a4e8f17686dc,Hatred,19152488,Hatred
5cf950f12736e8638cbc4b05,Hell Let Loose,19150134,Hell Let Loose
5c9b6f882539a4e8f17fa0d5,Heroes of Hammerwatch,19179153,Heroes of Hammerwatch 
67828176d6b1151c22f879a0,Heroes of Hammerwatch II,19191753,Heroes of Hammerwatch II EUR
69f052111d57ed0a45b61462,Heroes of Might and Magic: Olden Era EU,19650831,Heroes of Might and Magic: Olden Era 
5c9b639a2539a4e8f176058f,Homeworld Remastered Collection,19631817,Homeworld Remastered Collection CNY
5c9b665d2539a4e8f17938d1,Homeworld: Deserts of Kharak,19631741,Homeworld: Deserts of Kharak 
5c9b6df32539a4e8f17e8ccf,Human: Fall Flat EU,19169449,Human: Fall Flat EU
5c9b629d2539a4e8f174f148,IL-2 Sturmovik: Battle of Stalingrad,19615142,IL-2 Sturmovik: Battle of Stalingrad CNY
5c9b7a392539a4e8f1854ffd,Jets'n'Guns 2,19145061,Jets'n'Guns 2 
61cada639e44a1f376d738e8,Journey,19153242,Journey EU
672350754e55dd51216d2815,Karate Survivor,19185698,Karate Survivor RUB
65e8433ea7abc9c87ebf771f,KartKraft RoW,19192592,KartKraft™ CNY
68834139c6539c0bf4566814,Killing Floor 3 EU,19188470,Killing Floor 3 EUR
5c9b6f332539a4e8f17f712a,Kingdom Come: Deliverance EU,19182806,Kingdom Come: Deliverance Tier 1
67408b58b816f5d55eca193c,Kingdom Come: Deliverance II EU,19182814,Kingdom Come: Deliverance II / Tier 1
69168e8431c1740bfae109a2,Kingdom Come: Deliverance II Royal Edition EU,19192847,Kingdom Come: Deliverance II - Royal Edition
6762c84a29a88e0094873cb0,Kletka ,19630701,KLETKA 
69a16afbfe4c59292d426ce6,LEGO Batman: Legacy of the Dark Knight Deluxe Edition + Pre-Order Bonus DLC PRE-ORDER EU,19635804,LEGO® Batman™: Legacy of the Dark Knight - Deluxe Edition EUR
69b4eabc6ec72c13135b05c3,LEGO Batman: Legacy of the Dark Knight Deluxe Edition EU,19635804,LEGO® Batman™: Legacy of the Dark Knight - Deluxe Edition EUR
5c9b6a7a2539a4e8f17c6a82,LEGO City Undercover,19169394,LEGO® City Undercover
5cd19c902736e8638c317ca5,Layers of Fear 2,19622567,Layers of Fear 2 (2019) 
67347fdac0ee9b94ee7e1d5f,Legacy of Kain: Soul Reaver 1&2 Remastered,19185403,Legacy of Kain™ Soul Reaver 1&2 Remastered KRW
68ece552369f82000b7d1b89,Lessaria: Fantasy Kingdom Sim,19192559,Lessaria: Fantasy Kingdom Sim EUR
5c9b5efb2539a4e8f1723db1,Lost Planet: Extreme Condition,19633938,Lost Planet™: Extreme Condition UAH
69f1fae31d57ed0a45b630f9,LumenTale: Memories of Trey,19680646,LumenTale: Memories of Trey 
64f9b3f82d81d41b45718031,MEGA MAN X DiVE Offline,19194266,MEGA MAN X DiVE Offline 
68f3793a7071704c675291d6,MISERY,19623900,MISERY 
5c9b65692539a4e8f177afc8,MX vs. ATV Unleashed,14004113,MX vs. ATV Unleashed 
5c9b77a22539a4e8f183b91c,Mana Spark,16614566,Mana Spark RUB
633912510eda6de0a01f9979,Marvel's Midnight Suns,19631658,Marvel's Midnight Suns - Standard Edition (Steam) 
6669620410ed4178c5b62f9a,Melvor Idle - Into The Abyss DLC,19183022,Melvor Idle - Into The Abyss 
5c9b7bde2539a4e8f1865cb5,Metro Exodus EU,19185812,Metro Exodus EU
64a3b3b4098a615a69245b0b,Metro Exodus Gold Edition EU,19185813,Metro Exodus - Gold Edition
691c5a0326a9c247587942fc,Metro Exodus Gold Edition RoW,19185813,Metro Exodus - Gold Edition
5e006e2bd103218899c93757,Monster Hunter World - Iceborne DLC,19150019,MONSTER HUNTER: WORLD: Iceborne 
5c9b63762539a4e8f175d9e6,Monstrum,19182640,Monstrum KZT
69943e69a711f4149dd2db60,NORSE: Oath of Blood EU,19627546,norse-oath-of-blood--5 
69943eea3d9c8a58201a2f1f,NORSE: Oath of Blood Special Edition EU,19627547,norse-oath-of-blood-special-edition--5 
66d38ef4bc310834df41c999,Necroking,19185067,Necroking RU
62cd7712f6d6520001f9232d,Necrosmith,19178987,Necrosmith
62683a2da6d5be0001f0f138,Neptunia x SENRAN KAGURA: Ninja Wars,19150895,Neptunia x SENRAN KAGURA: Ninja Wars
657aed9d401bd935a9a4501f,Nightmare: The Lunatic,19187010,Nightmare: The Lunatic 
63cee07b617e980001ec3df6,Occupy Mars: The Game,19181493,Occupy Mars: The Game RUB
5cc9cb0e6210ea8234a7298c,Out of Space,18746288,Out of Space
65d48f9cd95c887611ea8186,Outpost: Infinity Siege,19184275,Outpost: Infinity Siege CIS
6602fef4eff202156528d4c0,Outpost: Infinity Siege: Vanguard Edition,19184276,Outpost: Infinity Siege - Vanguard Edition USD
62d527fe0eda6de0a0d4956d,Outward Definitive Edition EU,19185827,Outward Definitive Edition / Tier 1 
5c9b6c7f2539a4e8f17dab6a,Overcooked EU,19150137,Overcooked! EU
5c9b76712539a4e8f1830d4b,Overcooked! 2 EU,19150140,Overcooked! 2
606194c26b2e10ae87b8424f,Overcooked! All You Can Eat,19150146,Overcooked! All You Can Eat
6941703249734a2ddd745ed7,PIONER,19622815,Pioneer Standard Edition EUR
69301f24a8389f2d5d5b1342,PIONER EU,19622815,Pioneer Standard Edition EUR
5c9b67562539a4e8f17a1cd5,POSTAL Redux,19150814,POSTAL Redux
68bff00cf5b37415cefdc00c,Painkiller,19623720,Painkiller KRW
66d65f094ccbd97a34237c99,Panzer Corps 2 EU,19153169,Rain World: Downpour
69c7a11e3e89a81aad84c062,Paragnosia Museum,19640597,Paragnosia: Museum 
6672c6bf26ea3b4755cbc36e,Pax Dei,19622568,Pax Dei CNY
656940ca9a7b682e29dcbfbf,Pixel Cafe,19186217,Pixel Cafe RUB
5d8884276821435884f59039,Police Stories,19168538,Police Stories RU
5c9b60042539a4e8f1730337,Postal 2,19150815,POSTAL 2 RUB
5c9b64062539a4e8f1765cf0,Postal 2 - Paradise Lost DLC,19150816,POSTAL 2: Paradise Lost RUB
5c9b66432539a4e8f1791760,Punch Club,19146777,Punch Club 
6517b391c6579a3c61d54d4c,Quasimorph,19175411,Quasimorph RU
6858e23f471843117dcb65f6,REMATCH EU,19189054,REMATCH KRW
692f12fcbee3b11536ac9739,Restaurats EU,19613694,Restaurats EUR
62266255eef19000011f3a74,Risk of Rain 2 - Survivors of the Void DLC,19636875,risk-of-rain-2-survivors-of-the-void--5 
5c9b5f3a2539a4e8f1726d09,Robin Hood The Legend of Sherwood,19152885,Robin Hood: The Legend of Sherwood 
6877528472d21616996e0930,RoboCop: Rogue City Unfinished Business EU,19188722,RoboCop: Rogue City - Unfinished Business NZD
6900c29111a1623319301148,Rue Valley,19192833,Rue Valley NZD
6913f0d460d6c749e374942f,Rue Valley - Digital Deluxe Edition,19192834,Rue Valley - Deluxe Edition 
6468cfb845e1df0001a18f03,Rule the Waves 3,19168803,Rule the Waves 3
5c9b5f3e2539a4e8f1727063,Sacred Gold,19149442,Sacred Gold RUB
5c9b63ef2539a4e8f1764b24,Saints Row 2 EU,19185990,Saints Row 2
5dc2dbc74ceba2c51637cab3,Shadow of the Tomb Raider Definitive Edition,19168936,Shadow of the Tomb Raider: Definitive Edition
68c044a99de71c49c55795fe,Shape of Dreams,19191611,Shape of Dreams UAH
630f895d34a1d50001ff4487,Shin chan: Me and the Professor on Summer Vacation The Endless Seven-Day Journey,19182331,Shin chan: Me and the Professor on Summer Vacation - The Endless Seven-Day Journey 
68ef864d2c1aa679cc007650,Ship Graveyard Simulator 2 - Fishing Boats DLC,19192387,Ship Graveyard Simulator 2 - Fishing Boats DLC RUB
6751fe748924401d3d9a3fe2,Ship Graveyard Simulator 2 - Floating Cities DLC,19186594,Ship Graveyard Simulator 2 - Floating Cities DLC RUB
67e505e0ce289738b15b617d,Ship Graveyard Simulator 2 - Steam Ships DLC,19192385,Ship Graveyard Simulator 2 - Steam Ships DLC RUB
65e42cbdb7c678449425711a,Ship Graveyard Simulator 2 - Steel Giants DLC,19184103,Ship Graveyard Simulator 2 - Submarines DLC RUB
6411c5754cf05922cdfdb76f,Shotgun King: The Final Checkmate EU,19181425,Shotgun King: The Final Checkmate EUR
5c9b68742539a4e8f17aed06,Sid Meier's Civilization VI,19184032,Sid Meier’s Civilization® VI KRW
688131f50e328213180a2934,Sintopia,19643857,Sintopia 
5c9b66172539a4e8f178df23,Squad,19179758,Squad 
68bedd0e9aba71258fbe7796,Star Fire: Eternal Cycle,19192270,Star Fire: Eternal Cycle 
69fa10f6faa68a1cfc28b3a0,Steel Artery: Train City Builder,19674348,Steel Artery: Train City Builder 
6979f0caf5c559298bff085c,Stranded Deep EU,19624358,Stranded Deep 
6836fd9cdf669744fd3b002d,Stray EU,19184101,Stray EU
655b72d0ae196da0ab5b021a,Street Fighter 6 - Year 1 Character Pass DLC,19613672,Street Fighter 6 - Year 1 Character Pass UAH
655e1919ae196da0ab57dcca,Street Fighter 6 - Year 1 Ultimate Pass DLC,19613673,Street Fighter 6 - Year 1 Ultimate Pass UAH
66b1d7c9ff79c3662c1ba107,Street Fighter 6 - Year 2 Character Pass DLC,19613674,Street Fighter 6 - Year 2 Character Pass UAH
61623141bbbadb1f257797e6,Street Fighter V - Season 5 Premium Pass DLC,19613654,Street Fighter V - Season 5 Premium Pass 
5c9b6a092539a4e8f17c12ee,Styx: Master of Shadows EU,19622173,Styx: Master of Shadows NZD
67ebbee9208722901ad7572b,Sunderfolk,19627362,Sunderfolk 
66cec37936c24953198c058b,Tavern Manager Simulator,19188770,Tavern Manager Simulator RUB
66de6d684ccbd97a3468e3e6,Taxi Life: A City Driving Simulator Supporter Edition EU,19181161,Taxi Life: A City Driving Simulator - Supporter Edition
5c9b5f4a2539a4e8f17279be,The Book of Unwritten Tales,11250812,The Book of Unwritten Tales RU
5c9b677a2539a4e8f17a3800,The Guild Gold Edition,14238327,The Guild Gold Edition 
5c9b5fad2539a4e8f172c15a,The Guild II Renaissance,11169243,The Guild II - Renaissance
615eefeb84e57000013b1a04,The Last Campfire,19150757,The Last Campfire (Steam) CNY
69f1e7e0faa68a1cfc281f47,Thick As Thieves,19675566,Thick As Thieves 
66dfb40e4ccbd97a3476be3c,Thief Simulator EU,19184903,Thief Simulator EUR
678676476d283f13721db8f7,Threefold Recital,19636182,Threefold Recital 
5e64a551ea964fb5986c0eab,Tomb Raider GOTY Edition (2014),19168941,Tomb Raider GOTY
68c31f8692989708918796a7,Town to City,19191615,Town to City EUR
694536ee9376197fdefecbac,Train Sim World 6,19191893,模拟火车世界6 
682b2c9d70385c66ef56c7f6,Train Valley 2 - Japanese Trails DLC,19188485,Train Valley 2: Japanese Trails RUB
62cd92ad3b68a30001ca5d74,Urbek City Builder,19181622,Urbek City Builder RUB
643507010b7a93a5ab4bf130,Wall World,19178991,Wall World
64d2783f40466d26b40fa733,Wall World - Deep Threat DLC,19178992,Wall World: Deep Threat
69132170d0285c6aa85066ff,Wall World 2,19192751,Wall World 2 RUB
5c9b78e52539a4e8f18470d4,"Warhammer 40,000: Mechanicus Omnissiah Edition",19149935,"Warhammer 40,000: Mechanicus Omnissiah Edition EU"
683011f8a29689ead23b7811,"Warhammer 40,000: Rogue Trader - Season Pass 2 DLC",19188711,"Warhammer 40,000: Rogue Trader – Season Pass 2 NZD"
657af0296647a7841e71d7d8,"Warhammer 40,000: Rogue Trader - Season Pass DLC",19178417,"Warhammer 40,000: Rogue Trader - Season Pass NZD"
657717546647a7841e33659e,"Warhammer 40,000: Rogue Trader Deluxe Edition",19178413,"Warhammer 40,000: Rogue Trader - Deluxe Edition NZD"
65b0f68274a0ac8b6cd983a0,"Warhammer 40,000: Rogue Trader Voidfarer Edition",19178414,"Warhammer 40,000: Rogue Trader - Voidfarer Edition NZD"
6538e16035b3c6208af240ab,Winter Survival,19192276,Winter Survival RUB
65c4961aa0044d5ea1c53a6d,Wizardry: Proving Grounds of the Mad Overlord RoW,19186285,Wizardry: Proving Grounds of the Mad Overlord EUR
66c028eb59401c6b655ca803,Wizardry: The Five Ordeals,19187060,Wizardry: The Five Ordeals UAH
67caa8feaa175f17d3a5223f,Workers & Resources: Soviet Republic EU,19176477,Workers & Resources: Soviet Republic EUR
65e715665b7837876aec4ac8,World War Z,19168910,World War Z KR
5c9b66802539a4e8f1795f90,XCOM 2,19634510,XCOM® 2 
62f9eecf0eda6de0a0e74879,iTunes ?100 TR Card,19644710,App Store & iTunes 100 TRY
5e99ae11d9f56e2d4e460e6a,iTunes ?50 TR Card,19644707,App Store & iTunes 50 TRY
6135f4072adc85b8f154231d,rFactor 2 EU,19192591,rFactor 2 CNY
